,,Character n-grams,Character n-grams,Character n-grams,Character n-grams,Word unigrams,Word unigrams,Word unigrams,Word unigrams
,,LR,SVM,RF,NB,LR,SVM,RF,NB
Dataset,Label,,,,,,,,
Formspring,Bully,0.4939133140082549,0.48265386418896555,0.2693612194511453,0.029880694616064275,0.48955292068814904,0.46275452606541057,0.2569296315592533,0.02511569957815939
Twitter,Racism,0.6051899465847986,0.7591486205996028,0.8764703188001759,0.8935748823274758,0.685532457739164,0.7539907761049655,0.8921274573552642,0.8791108904793546
Twitter,Sexism,0.6174230304375804,0.7719792634625051,0.8772262345632559,0.8968885029660427,0.741574038976119,0.7678075782370494,0.9002227862214257,0.8857210920951791
Wiki,Attack,0.7030352168481868,0.6875301982275352,0.6767255918704858,0.667236053401889,0.7108192124592085,0.6857704116637825,0.7293699601400607,0.6598347101603927
